{
    "faces":[40,3,2,29,37,0,1,0,0,0,40,3,29,28,37,1,2,0,0,0,40,33,34,3,35,36,37,0,0,0,40,30,31,32,32,33,34,0,0,0,40,32,33,3,34,35,37,0,0,0,40,3,28,27,37,2,3,0,0,0,40,27,26,24,3,4,5,0,0,0,40,24,25,35,5,6,7,0,0,0,40,35,6,7,7,8,9,0,0,0,40,22,20,14,10,11,12,0,0,0,40,35,7,22,7,9,10,0,0,0,40,27,24,35,3,5,7,0,0,0,40,32,3,27,34,37,3,0,0,0,40,36,30,32,31,32,34,0,0,0,40,23,4,5,28,29,30,0,0,0,40,5,36,32,30,31,34,0,0,0,40,32,27,35,34,3,7,0,0,0,40,22,14,15,10,12,13,0,0,0,40,32,35,22,34,7,10,0,0,0,40,23,5,32,28,30,34,0,0,0,40,9,19,21,25,26,27,0,0,0,40,21,23,32,27,28,34,0,0,0,40,32,22,15,34,10,13,0,0,0,40,16,17,18,14,15,16,0,0,0,40,32,15,16,34,13,14,0,0,0,40,9,21,32,25,27,34,0,0,0,40,10,8,9,23,24,25,0,0,0,40,12,11,10,21,22,23,0,0,0,40,0,13,12,19,20,21,0,0,0,40,1,37,0,17,18,19,0,0,0,40,32,16,18,34,14,16,0,0,0,40,18,1,0,16,17,19,0,0,0,40,12,10,9,21,23,25,0,0,0,40,32,18,0,34,16,19,0,0,0,40,0,12,9,19,21,25,0,0,0,40,0,9,32,19,25,34,0,0,0],
    "metadata":{
        "type":"Geometry",
        "version":3,
        "uvs":1,
        "faces":36,
        "generator":"io_three",
        "vertices":38,
        "normals":1
    },
    "uvs":[[0.4908,-0.0054,0.5868,-0.0054,0.6828,-0.0054,0.7788,-0.0054,0.8748,-0.0054,0.9708,-0.0054,0.9708,0.1189,0.9708,0.2431,0.9708,0.3674,0.9708,0.4917,0.9708,0.616,0.9708,0.7402,0.9708,0.8645,0.9708,0.9888,0.8748,0.9888,0.7788,0.9888,0.6828,0.9888,0.5868,0.9888,0.5785,0.9888,0.4908,0.9888,0.3949,0.9888,0.2989,0.9888,0.2029,0.9888,0.1069,0.9888,0.0109,0.9888,0.0109,0.8645,0.0109,0.7402,0.0109,0.616,0.0109,0.6103,0.0109,0.4917,0.0109,0.3674,0.0109,0.2431,0.0109,0.1189,0.0109,-0.0054,0.1069,-0.0054,0.2029,-0.0054,0.2989,-0.0054,0.3949,-0.0054]],
    "vertices":[-0.137096,1.78671,0.781057,0.120086,1.78131,0.794501,-0.181548,0.346153,1.05361,-0.438719,0.351551,1.04017,-1.44085,1.07622,0.760009,-1.4464,0.896144,0.794083,1.12536,0.84222,0.928518,1.13091,1.02229,0.894454,-1.41745,1.79188,0.599541,-1.42355,1.61396,0.644903,-1.16178,1.79242,0.644101,-0.906498,1.7945,0.696748,-0.650851,1.79516,0.741959,-0.394267,1.7921,0.767614,1.1482,1.56004,0.779338,1.1543,1.73795,0.733986,0.895627,1.74927,0.751648,0.636563,1.76214,0.77741,0.377847,1.77359,0.795743,-1.42956,1.43567,0.688313,1.14219,1.38175,0.822749,-1.43529,1.25628,0.725945,1.13646,1.20236,0.860381,-1.43554,1.24813,0.727487,1.10985,0.297403,1.00653,1.11487,0.479615,0.983752,0.851174,0.308723,1.0242,0.592102,0.321595,1.04995,0.333395,0.333044,1.06829,0.075634,0.340762,1.06705,-1.45689,0.53355,0.849308,-1.46191,0.351327,0.872093,-1.20623,0.351869,0.916643,-0.95095,0.35395,0.969291,-0.695303,0.35461,1.01451,1.11997,0.661466,0.959024,-1.45179,0.715401,0.824581,0.0978517,1.78178,0.793339],
    "normals":[-0.0473647,0.187078,0.98117]
}