{
    "metadata":{
        "vertices":4,
        "type":"Geometry",
        "generator":"io_three",
        "uvs":0,
        "version":3,
        "normals":1,
        "faces":1
    },
    "uvs":[],
    "normals":[0,1,-4.41074e-08],
    "faces":[33,0,1,3,2,0,0,0,0],
    "vertices":[-99.7772,-1.88054,100.801,100.223,-1.88054,100.801,-99.7772,-1.88055,-99.1992,100.223,-1.88055,-99.1992]
}